版本,构建号,平台,架构,文件,字节数,SHA256,上传状态,发布链接,原文件
1.0.0,1,Android,"arm64-v8a,armeabi-v7a,x86_64",Luma-1.0.0-build1-Android-multi-debug.apk,174708083,d409a69a00a632db2b5577a25f3e2be06347b164efeb3cd62b7b8bd763817069,uploaded_verified,https://github.com/oxygenzelda-lgtm/luma-updates/releases/tag/v1.0.0,Luma-local-validation-debug.apk
1.0.0,1,Windows,x64,Luma-1.0.0-build1-Windows-x64-r2.zip,12119753,7e33a26e8550afffbb9671ae98f2a7dffaa4ac101bc870f4831d06042852c6c7,uploaded_verified,https://github.com/oxygenzelda-lgtm/luma-updates/releases/tag/v1.0.0,Luma-Windows-validation-before-desktop-input.zip
1.0.0,1,Windows,x64,Luma-1.0.0-build1-Windows-x64-r3.zip,12134766,e1927e2bb32b38d53b20ee4dfa678845120f0ed11231b1db9dce4d7bb9dfce68,uploaded_verified,https://github.com/oxygenzelda-lgtm/luma-updates/releases/tag/v1.0.0,Luma-Windows-validation-before-glass-ui.zip
1.0.0,1,Windows,x64,Luma-1.0.0-build1-Windows-x64-r4.zip,12133456,ce0c4199a380c64f4404cdae7dee37ad68cd35a42cd4c3d5a8b6c1023d3e2b6e,uploaded_verified,https://github.com/oxygenzelda-lgtm/luma-updates/releases/tag/v1.0.0,Luma-Windows-validation-before-image-restore.zip
1.0.0,1,Windows,x64,Luma-1.0.0-build1-Windows-x64-r5.zip,12133221,c218469cd5d7515053630b9ed28e1d3ad52effa6735e9219fed8a7a622d29b1b,uploaded_verified,https://github.com/oxygenzelda-lgtm/luma-updates/releases/tag/v1.0.0,Luma-Windows-validation-before-image-trace.zip
1.0.0,1,Windows,x64,Luma-1.0.0-build1-Windows-x64.zip,12130648,9fe4c87301240667ae017b3d5c5ad53b4db6acf027ad2365e0b9b1ef7dc81d4b,uploaded_verified,https://github.com/oxygenzelda-lgtm/luma-updates/releases/tag/v1.0.0,Luma-Windows-validation-before-comic-fit.zip
1.0.1,2,Android,"arm64-v8a,armeabi-v7a,x86_64",Luma-1.0.1-build2-Android-multi.apk,18167850,a7e56273eec499b848ec46a70128bcc2f415e5f808fa77a44be33da75e376272,uploaded_verified,https://github.com/oxygenzelda-lgtm/luma-updates/releases/tag/v1.0.1,Luma-Android-before-motion-glass-1.0.1.apk
1.0.1,2,Windows,x64,Luma-1.0.1-build2-Windows-x64.zip,12331129,b7575dc29f2678ef53831905bcd9bfd0217d82470ea14fbc2ef1cfe16388a50b,uploaded_verified,https://github.com/oxygenzelda-lgtm/luma-updates/releases/tag/v1.0.1,Luma-Windows-before-system-redesign-1.0.1.zip
1.0.2,3,Android,"arm64-v8a,armeabi-v7a,x86_64",Luma-1.0.2-build3-Android-multi.apk,18102314,96fcfef301f532cd69c8121aa8f9f8e87ca8c4a9841aa035de16e31cff90ae88,uploaded_verified,https://github.com/oxygenzelda-lgtm/luma-updates/releases/tag/v1.0.2,Luma-Android-before-system-redesign-1.0.2.apk
1.1.0,4,Android,"arm64-v8a,armeabi-v7a,x86_64",Luma-1.1.0-build4-Android-multi.apk,18235326,fac8ac96ea6837237a5b339dc1d481c3929fa3643a2a6f4200545228865d5bd4,uploaded_verified,https://github.com/oxygenzelda-lgtm/luma-updates/releases/tag/v1.1.0,Luma-Android-before-cover-motion-1.1.0.apk
1.1.0,4,Windows,x64,Luma-1.1.0-build4-Windows-x64.zip,12356499,98afa704456fe0c315e926671a86d41df4a5a1ead88b47781048637789994ca0,uploaded_verified,https://github.com/oxygenzelda-lgtm/luma-updates/releases/tag/v1.1.0,Luma-Windows-before-cover-motion-1.1.0.zip
1.1.1,5,Android,"arm64-v8a,armeabi-v7a,x86_64",Luma-1.1.1-build5-Android-multi.apk,18235446,f790bdb171dafa39d6fcf0465ad18ccc5c77494fffa748a0c1726afc3478db6b,uploaded_verified,https://github.com/oxygenzelda-lgtm/luma-updates/releases/tag/v1.1.1,Luma-Android-before-motion-polish-1.1.1.apk
1.1.1,5,Windows,x64,Luma-1.1.1-build5-Windows-x64.zip,12361209,eb79a31ce053cc61f5d62d64e44144b5a2119ec9cafa110cfbf1dc036cee35dc,uploaded_verified,https://github.com/oxygenzelda-lgtm/luma-updates/releases/tag/v1.1.1,Luma-Windows-before-motion-polish-1.1.1.zip
1.1.2,6,Android,"arm64-v8a,armeabi-v7a,x86_64",Luma-1.1.2-build6-Android-multi.apk,18169910,4b160b1467ca0cb09eff6b3468fb6d188467c694720f5431edeb98dfcd725c86,uploaded_verified,https://github.com/oxygenzelda-lgtm/luma-updates/releases/tag/v1.1.2,Luma-Android-before-scroll-polish-1.1.2.apk
1.1.2,6,Windows,x64,Luma-1.1.2-build6-Windows-x64.zip,12330227,6a9a8fdad84beed91a57bb53333025ea6a321afe6517294787302433a70fc7ac,uploaded_verified,https://github.com/oxygenzelda-lgtm/luma-updates/releases/tag/v1.1.2,Luma-Windows-before-ui-unify-1.1.2.zip
1.1.3,7,Android,"arm64-v8a,armeabi-v7a,x86_64",Luma-1.1.3-build7-Android-multi.apk,18169910,d3ff7aafc23e537f075eaa7558b6fdc1587453fba9c5381799d2f4c0e8dc050a,uploaded_verified,https://github.com/oxygenzelda-lgtm/luma-updates/releases/tag/v1.1.3,Luma-Android-before-shelf-density-1.1.3.apk
1.1.4,8,Android,"arm64-v8a,armeabi-v7a,x86_64",Luma-1.1.4-build8-Android-multi.apk,18169910,63798f98781f2adbb28d449c48f43de8e89c5b64b00d67329dd41a516c2fb7cf,uploaded_verified,https://github.com/oxygenzelda-lgtm/luma-updates/releases/tag/v1.1.4,Luma-Android-before-batch-import-1.1.4.apk
1.1.5,9,Windows,x64,Luma-1.1.5-build9-Windows-x64.zip,12338999,85d9671bfed8cb3b27109c65d0016e66bc78d4503a1cd26971ad471cde69dd52,uploaded_verified,https://github.com/oxygenzelda-lgtm/luma-updates/releases/tag/v1.1.5,Luma-Windows-before-batch-import-1.1.5.zip
1.2.0,10,Android,"arm64-v8a,armeabi-v7a,x86_64",Luma-1.2.0-build10-Android-multi.apk,19218642,d3393c01e743db83979da17d7e1deeb1a281717b6df58511acc88da724a0b179,uploaded_verified,https://github.com/oxygenzelda-lgtm/luma-updates/releases/tag/v1.2.0,Luma-Android-before-reader-polish-1.2.0.apk
1.2.0,10,Windows,x64,Luma-1.2.0-build10-Windows-x64.zip,12757769,8dd65f47b41cb07112fe99615ed4646c326e067631e4d66e4139d6db697be32b,uploaded_verified,https://github.com/oxygenzelda-lgtm/luma-updates/releases/tag/v1.2.0,Luma-Windows-before-reader-sync-1.2.0.zip
1.2.1,11,Android,"arm64-v8a,armeabi-v7a,x86_64",Luma-1.2.1-build11-Android-multi.apk,19218638,106c732c5109886dbcfac07445ca05e1aa9cd888ff9f5ec593330dbf7b452c81,uploaded_verified,https://github.com/oxygenzelda-lgtm/luma-updates/releases/tag/v1.2.1,Luma-Android-before-reader-sync-1.2.1.apk
1.2.2,12,Android,"arm64-v8a,armeabi-v7a,x86_64",Luma-1.2.2-build12-Android-multi.apk,19152994,d78d20f981f7dacc31dcfc8d016dc0ba3904b01782724b562dea5e23cdcbf893,uploaded_verified,https://github.com/oxygenzelda-lgtm/luma-updates/releases/tag/v1.2.2,Luma-Android-before-reading-settings-1.2.2.apk
1.2.2,12,Windows,x64,Luma-1.2.2-build12-Windows-x64.zip,12751840,f978aa5023673b9fbe98fa8a1b0b2c1c471f49ef96d9155d0befa4b6791a8290,uploaded_verified,https://github.com/oxygenzelda-lgtm/luma-updates/releases/tag/v1.2.2,Luma-Windows-before-custom-frame-1.2.2.zip
1.2.3,13,Windows,x64,Luma-1.2.3-build13-Windows-x64.zip,12771770,24fbf180a3b3239781a6fb7e6ea894f1af2ea0a47a4af139f82bcfcd4d3b2afb,uploaded_verified,https://github.com/oxygenzelda-lgtm/luma-updates/releases/tag/v1.2.3,Luma-Windows-before-reading-settings-1.2.3.zip
1.3.0,14,Android,"arm64-v8a,armeabi-v7a,x86_64",Luma-1.3.0-build14-Android-multi.apk,19349946,5a3551b1e6254c6ffa782afe397b5491b8ce6295df7b690eb2dd5227630f46d7,uploaded_verified,https://github.com/oxygenzelda-lgtm/luma-updates/releases/tag/v1.3.0,Luma-Android-before-novel-typography-1.3.0.apk
1.3.0,14,Windows,x64,Luma-1.3.0-build14-Windows-x64.zip,12825858,e32c4512768099a2ad028e7bb360b9ac55e32f62d1b94e9f37e6fd382b2cc2d9,uploaded_verified,https://github.com/oxygenzelda-lgtm/luma-updates/releases/tag/v1.3.0,Luma-Windows-before-novel-typography-1.3.0.zip
1.4.0,15,Android,"arm64-v8a,armeabi-v7a,x86_64",Luma-1.4.0-build15-Android-multi.apk,50576436,c269a3289412b5605491349a6bf68787c9f0b8e65f260ec9a7f69e936f98666c,uploaded_verified,https://github.com/oxygenzelda-lgtm/luma-updates/releases/tag/v1.4.0,Luma-Android-before-smart-organise-1.4.0.apk
1.4.0,15,Windows,x64,Luma-1.4.0-build15-Windows-x64.zip,43986910,f3d8045d7e76368c7a3cf9451f9bee68b0edc7fca46346223b3de34485fb464f,uploaded_verified,https://github.com/oxygenzelda-lgtm/luma-updates/releases/tag/v1.4.0,Luma-Windows-before-smart-organise-1.4.0.zip
1.5.0,16,Android,"arm64-v8a,armeabi-v7a,x86_64",Luma-1.5.0-build16-Android-multi.apk,50511640,43b8417eb53aa0e59b9f1a11c179020a2eaf088e9abbfb4184eb3922c0ca1695,uploaded_verified,https://github.com/oxygenzelda-lgtm/luma-updates/releases/tag/v1.5.0,Luma-Android-before-formal-catalog-1.5.0.apk
1.5.0,16,Windows,x64,Luma-1.5.0-build16-Windows-x64.zip,43970544,a6852caab923c1c35dccb8904f4ddd577cf193f50d20d85378787de336ad22cb,uploaded_verified,https://github.com/oxygenzelda-lgtm/luma-updates/releases/tag/v1.5.0,Luma-Windows-before-formal-catalog-1.5.0.zip
1.6.0,17,Android,"arm64-v8a,armeabi-v7a,x86_64",Luma-1.6.0-build17-Android-multi.apk,50508163,5f58d594fd8974cf3caf2466242b774a03f5b26dc567c89d4319d506ac4fd3d1,uploaded_verified,https://github.com/oxygenzelda-lgtm/luma-updates/releases/tag/v1.6.0,Luma-1.6.0-Android-arm64.apk
1.6.0,17,Windows,x64,Luma-1.6.0-build17-Windows-x64.zip,43961975,72ec3ee67040a51ac74ae768ae39142859a592f4fea4a2a3fc502d288e609046,uploaded_verified,https://github.com/oxygenzelda-lgtm/luma-updates/releases/tag/v1.6.0,Luma-1.6.0-Windows-x64.zip
1.7.0,18,Android,"arm64-v8a,armeabi-v7a,x86_64",Luma-1.7.0-Android-arm64.apk,50771515,70433cd8d741d3ed30f0c737c696d0b51e9fb3052a6b3515443f5cddc820bd89,uploaded_verified,https://github.com/oxygenzelda-lgtm/luma-updates/releases/tag/v1.7.0,Luma-1.7.0-Android-arm64.apk
1.7.0,18,Windows,x64,Luma-1.7.0-Windows-x64.zip,44129926,52c08a3805e88b5dc2e5baec75c7ef42b913f7f93c54ab65eaaaf6cdd5fa45bf,uploaded_verified,https://github.com/oxygenzelda-lgtm/luma-updates/releases/tag/v1.7.0,Luma-1.7.0-Windows-x64.zip
1.7.1,19,Android,arm64-v8a,Luma-1.7.1-Android-arm64.apk,50903107,038579680eac8e961860b04d256bfb6125e4e22681be329c1da942352a410e28,uploaded_verified,https://github.com/oxygenzelda-lgtm/luma-updates/releases/tag/v1.7.1,Luma-1.7.1-Android-arm64.apk
1.7.1,19,Windows,x64,Luma-1.7.1-Windows-x64.zip,44134241,87959361c4f71cf9e9faab53095415dcd8b3b1b81c04cf311663fe31b45d520a,uploaded_verified,https://github.com/oxygenzelda-lgtm/luma-updates/releases/tag/v1.7.1,Luma-1.7.1-Windows-x64.zip
1.7.2,20,Android,arm64-v8a,Luma-1.7.2-Android-arm64.apk,50903563,8347e85fa93644f55a33c69ff2eb539b66752f13e4207a85639ee11b9a32f134,uploaded_verified,https://github.com/oxygenzelda-lgtm/luma-updates/releases/tag/v1.7.2,Luma-1.7.2-Android-arm64.apk
1.7.2,20,Windows,x64,Luma-1.7.2-Windows-x64.zip,44136674,64006d0cb84cc97011d23f33ec611a6cb4234803b853de333113bf0b3096f53e,uploaded_verified,https://github.com/oxygenzelda-lgtm/luma-updates/releases/tag/v1.7.2,Luma-1.7.2-Windows-x64.zip
1.7.3,21,Android,arm64-v8a,Luma-1.7.3-Android-arm64.apk,50904075,aabeefd2c45538898e51705769b203ad81a1ae501dcd1f800e66f9b7f58756dd,uploaded_verified,https://github.com/oxygenzelda-lgtm/luma-updates/releases/tag/v1.7.3,Luma-1.7.3-Android-arm64.apk
1.7.3,21,Windows,x64,Luma-1.7.3-Windows-x64.zip,44162535,1053f9b14d200af5bb1800fa66c77b5155086dd6aba3f046e562f2ea5ab8ca74,uploaded_verified,https://github.com/oxygenzelda-lgtm/luma-updates/releases/tag/v1.7.3,Luma-1.7.3-Windows-x64.zip
1.7.4,22,Android,arm64-v8a,Luma-1.7.4-Android-arm64.apk,50969663,103120121804ecae7bac1b22fba69745be2cb91eee72b5a7ad1c2908ca40cf58,uploaded_verified,https://github.com/oxygenzelda-lgtm/luma-updates/releases/tag/v1.7.4,Luma-1.7.4-Android-arm64.apk
1.7.4,22,Windows,x64,Luma-1.7.4-Windows-x64.zip,44194200,87e3367f95621f4f2feba9b8bea27162d24233dd1b9aadf63cd8172ce57e42ee,uploaded_verified,https://github.com/oxygenzelda-lgtm/luma-updates/releases/tag/v1.7.4,Luma-1.7.4-Windows-x64.zip
